"","mgi_symbol","ensembl_gene_id"
"1","Fer","ENSMUSG00000000127"
"2","Tfe3","ENSMUSG00000000134"
"3","Mid2","ENSMUSG00000000266"
"4","Trim25","ENSMUSG00000000275"
"5","Itgb2","ENSMUSG00000000290"
"6","Mx1","ENSMUSG00000000386"
"7","Lck","ENSMUSG00000000409"
"8","Pparg","ENSMUSG00000000440"
"9","Zfp385a","ENSMUSG00000000552"
"10","Hoxb6","ENSMUSG00000000690"
"11","Rab5b","ENSMUSG00000000711"
"12","Icosl","ENSMUSG00000000732"
"13","Rpa1","ENSMUSG00000000751"
"14","Polr3d","ENSMUSG00000000776"
"15","Tcf7","ENSMUSG00000000782"
"16","Ddx3x","ENSMUSG00000000787"
"17","Il12rb1","ENSMUSG00000000791"
"18","Bcl11a","ENSMUSG00000000861"
"19","Il4","ENSMUSG00000000869"
"20","Ccl3","ENSMUSG00000000982"
"21","Ilf2","ENSMUSG00000001016"
"22","Cfp","ENSMUSG00000001128"
"23","Mcm3ap","ENSMUSG00000001150"
"24","Oas1c","ENSMUSG00000001166"
"25","Oas1h","ENSMUSG00000001168"
"26","Sp1","ENSMUSG00000001280"
"27","Itgb7","ENSMUSG00000001281"
"28","Fbxo9","ENSMUSG00000001366"
"29","Meox1","ENSMUSG00000001493"
"30","Itfg2","ENSMUSG00000001518"
"31","Tnk1","ENSMUSG00000001583"
"32","Akt1","ENSMUSG00000001729"
"33","Il16","ENSMUSG00000001741"
"34","Kmt2a","ENSMUSG00000002028"
"35","Rab34","ENSMUSG00000002059"
"36","Spi1","ENSMUSG00000002111"
"37","Stat6","ENSMUSG00000002147"
"38","Narfl","ENSMUSG00000002280"
"39","Gmpr2","ENSMUSG00000002326"
"40","Armc6","ENSMUSG00000002343"
"41","Braf","ENSMUSG00000002413"
"42","Axl","ENSMUSG00000002602"
"43","Tgfb1","ENSMUSG00000002603"
"44","Prkd1","ENSMUSG00000002688"
"45","Lcp2","ENSMUSG00000002699"
"46","Tmem143","ENSMUSG00000002781"
"47","Cd36","ENSMUSG00000002944"
"48","Relb","ENSMUSG00000002983"
"49","Klf4","ENSMUSG00000003032"
"50","Stk11","ENSMUSG00000003068"
"51","Efna2","ENSMUSG00000003070"
"52","Irf3","ENSMUSG00000003184"
"53","Ebi3","ENSMUSG00000003206"
"54","Hck","ENSMUSG00000003283"
"55","Cacnb3","ENSMUSG00000003352"
"56","Rab3b","ENSMUSG00000003411"
"57","Fcgrt","ENSMUSG00000003420"
"58","Ncstn","ENSMUSG00000003458"
"59","Impdh1","ENSMUSG00000003500"
"60","Ercc1","ENSMUSG00000003549"
"61","Dnase2a","ENSMUSG00000003812"
"62","Calr","ENSMUSG00000003814"
"63","Bax","ENSMUSG00000003873"
"64","Il7r","ENSMUSG00000003882"
"65","Stat5a","ENSMUSG00000004043"
"66","Dnaja3","ENSMUSG00000004069"
"67","Ikbkg","ENSMUSG00000004221"
"68","Ptpn6","ENSMUSG00000004266"
"69","Il12b","ENSMUSG00000004296"
"70","Gab2","ENSMUSG00000004508"
"71","Ctse","ENSMUSG00000004552"
"72","Stxbp2","ENSMUSG00000004626"
"73","Tyr","ENSMUSG00000004651"
"74","Cnn2","ENSMUSG00000004665"
"75","Myo9b","ENSMUSG00000004677"
"76","Matk","ENSMUSG00000004933"
"77","Sh2b2","ENSMUSG00000005057"
"78","Ndrg1","ENSMUSG00000005125"
"79","Prdx2","ENSMUSG00000005161"
"80","Msh6","ENSMUSG00000005370"
"81","Hmox1","ENSMUSG00000005413"
"82","Igf1r","ENSMUSG00000005533"
"83","Trim28","ENSMUSG00000005566"
"84","Mef2c","ENSMUSG00000005583"
"85","Kit","ENSMUSG00000005672"
"86","Ampd3","ENSMUSG00000005686"
"87","Cd247","ENSMUSG00000005763"
"88","Tnfsf14","ENSMUSG00000005824"
"89","Apc","ENSMUSG00000005871"
"90","Ephb3","ENSMUSG00000005958"
"91","Prg4","ENSMUSG00000006014"
"92","Crkl","ENSMUSG00000006134"
"93","Zbtb32","ENSMUSG00000006310"
"94","Susd2","ENSMUSG00000006342"
"95","Cbfa2t3","ENSMUSG00000006362"
"96","Tek","ENSMUSG00000006386"
"97","Epha2","ENSMUSG00000006445"
"98","Cyba","ENSMUSG00000006519"
"99","Hfe","ENSMUSG00000006611"
"100","Cdc42","ENSMUSG00000006699"
"101","Pknox1","ENSMUSG00000006705"
"102","Sod2","ENSMUSG00000006818"
"103","Ctnnb1","ENSMUSG00000006932"
"104","Lrrc8a","ENSMUSG00000007476"
"105","Tgfbr1","ENSMUSG00000007613"
"106","Cav1","ENSMUSG00000007655"
"107","Spib","ENSMUSG00000008193"
"108","Pou2f2","ENSMUSG00000008496"
"109","Ncaph2","ENSMUSG00000008690"
"110","Tbx1","ENSMUSG00000009097"
"111","Ccl8","ENSMUSG00000009185"
"112","Apobec3","ENSMUSG00000009585"
"113","Taz","ENSMUSG00000009995"
"114","Hyal2","ENSMUSG00000010047"
"115","Tusc2","ENSMUSG00000010054"
"116","Tnfrsf13b","ENSMUSG00000010142"
"117","Psen2","ENSMUSG00000010609"
"118","Git1","ENSMUSG00000011877"
"119","Tnfaip8l2","ENSMUSG00000013707"
"120","Rnf168","ENSMUSG00000014074"
"121","Mertk","ENSMUSG00000014361"
"122","Csf1","ENSMUSG00000014599"
"123","Msh3","ENSMUSG00000014850"
"124","Yes1","ENSMUSG00000014932"
"125","Gata2","ENSMUSG00000015053"
"126","C8g","ENSMUSG00000015083"
"127","Lrrk1","ENSMUSG00000015133"
"128","Cybb","ENSMUSG00000015340"
"129","Cd48","ENSMUSG00000015355"
"130","Gzmf","ENSMUSG00000015441"
"131","Srf","ENSMUSG00000015605"
"132","Gata3","ENSMUSG00000015619"
"133","Eps8","ENSMUSG00000015766"
"134","Sqstm1","ENSMUSG00000015837"
"135","Fcgr1","ENSMUSG00000015947"
"136","Ncf1","ENSMUSG00000015950"
"137","Lbp","ENSMUSG00000016024"
"138","Fli1","ENSMUSG00000016087"
"139","H2-M3","ENSMUSG00000016206"
"140","H2-M2","ENSMUSG00000016283"
"141","Nkap","ENSMUSG00000016409"
"142","Cr1l","ENSMUSG00000016481"
"143","Cd34","ENSMUSG00000016494"
"144","Cd274","ENSMUSG00000016496"
"145","Dyrk3","ENSMUSG00000016526"
"146","Mapkapk2","ENSMUSG00000016528"
"147","Plcg1","ENSMUSG00000016933"
"148","Cd300lg","ENSMUSG00000017309"
"149","Cacnb4","ENSMUSG00000017412"
"150","Tnfaip1","ENSMUSG00000017615"
"151","Cd40","ENSMUSG00000017652"
"152","Ada","ENSMUSG00000017697"
"153","Mmp9","ENSMUSG00000017737"
"154","Dhx58","ENSMUSG00000017830"
"155","Med1","ENSMUSG00000018160"
"156","Trove2","ENSMUSG00000018199"
"157","Stk4","ENSMUSG00000018209"
"158","Ncor1","ENSMUSG00000018501"
"159","Ikzf1","ENSMUSG00000018654"
"160","Mb","ENSMUSG00000018893"
"161","Irf1","ENSMUSG00000018899"
"162","Csf2","ENSMUSG00000018916"
"163","Cxcl16","ENSMUSG00000018920"
"164","Heatr9","ENSMUSG00000018925"
"165","Ccl6","ENSMUSG00000018927"
"166","Ccl4","ENSMUSG00000018930"
"167","Sart3","ENSMUSG00000018974"
"168","Ccl9","ENSMUSG00000019122"
"169","Rab4a","ENSMUSG00000019478"
"170","Lyst","ENSMUSG00000019726"
"171","Frk","ENSMUSG00000019779"
"172","Zbtb24","ENSMUSG00000019826"
"173","Rab32","ENSMUSG00000019832"
"174","Traf3ip2","ENSMUSG00000019842"
"175","Fyn","ENSMUSG00000019843"
"176","Tnfaip3","ENSMUSG00000019850"
"177","Kitl","ENSMUSG00000019966"
"178","Psen1","ENSMUSG00000019969"
"179","Enpp3","ENSMUSG00000019989"
"180","Sgpl1","ENSMUSG00000020097"
"181","Ddit4","ENSMUSG00000020108"
"182","Tbk1","ENSMUSG00000020115"
"183","Dock2","ENSMUSG00000020143"
"184","Meis1","ENSMUSG00000020160"
"185","Tcf3","ENSMUSG00000020167"
"186","Mknk2","ENSMUSG00000020190"
"187","Ap3d1","ENSMUSG00000020198"
"188","Rel","ENSMUSG00000020275"
"189","Fstl3","ENSMUSG00000020325"
"190","Tnip1","ENSMUSG00000020400"
"191","Myo1g","ENSMUSG00000020437"
"192","Patz1","ENSMUSG00000020453"
"193","Trim11","ENSMUSG00000020455"
"194","Polm","ENSMUSG00000020474"
"195","Dbnl","ENSMUSG00000020476"
"196","Pik3cg","ENSMUSG00000020573"
"197","Hs1bp3","ENSMUSG00000020605"
"198","Fkbp1b","ENSMUSG00000020635"
"199","Rsad2","ENSMUSG00000020641"
"200","Id2","ENSMUSG00000020644"
"201","Rab10","ENSMUSG00000020671"
"202","Ccl11","ENSMUSG00000020676"
"203","Ace","ENSMUSG00000020681"
"204","Rnf135","ENSMUSG00000020707"
"205","Pecam1","ENSMUSG00000020717"
"206","Nup85","ENSMUSG00000020739"
"207","Pafah1b1","ENSMUSG00000020745"
"208","Mink1","ENSMUSG00000020827"
"209","Vamp2","ENSMUSG00000020894"
"210","Ctc1","ENSMUSG00000020898"
"211","Top2a","ENSMUSG00000020914"
"212","Stat5b","ENSMUSG00000020919"
"213","Map3k14","ENSMUSG00000020941"
"214","Ston2","ENSMUSG00000020961"
"215","Ppp2r3c","ENSMUSG00000021022"
"216","Sptb","ENSMUSG00000021061"
"217","Glrx5","ENSMUSG00000021102"
"218","Hif1a","ENSMUSG00000021109"
"219","Zfp36l1","ENSMUSG00000021127"
"220","Traf3","ENSMUSG00000021277"
"221","Gli3","ENSMUSG00000021318"
"222","Trim27","ENSMUSG00000021326"
"223","Gpld1","ENSMUSG00000021340"
"224","Irf4","ENSMUSG00000021356"
"225","Tmem14c","ENSMUSG00000021361"
"226","Gadd45g","ENSMUSG00000021453"
"227","Syk","ENSMUSG00000021457"
"228","Fancc","ENSMUSG00000021461"
"229","Sfxn1","ENSMUSG00000021474"
"230","Ddx41","ENSMUSG00000021494"
"231","Cxcl14","ENSMUSG00000021508"
"232","Smad5","ENSMUSG00000021540"
"233","Dapk1","ENSMUSG00000021559"
"234","Erap1","ENSMUSG00000021583"
"235","Xrcc4","ENSMUSG00000021615"
"236","Cd180","ENSMUSG00000021624"
"237","F2rl1","ENSMUSG00000021678"
"238","Ap3b1","ENSMUSG00000021686"
"239","Pde4d","ENSMUSG00000021699"
"240","Rab3c","ENSMUSG00000021700"
"241","Fgf10","ENSMUSG00000021732"
"242","Bmpr1a","ENSMUSG00000021796"
"243","Ppp3cb","ENSMUSG00000021816"
"244","Bmp4","ENSMUSG00000021835"
"245","Prkcd","ENSMUSG00000021948"
"246","Wnt5a","ENSMUSG00000021994"
"247","Lcp1","ENSMUSG00000021998"
"248","Tnfsf11","ENSMUSG00000022015"
"249","Rgcc","ENSMUSG00000022018"
"250","Esco2","ENSMUSG00000022034"
"251","Clu","ENSMUSG00000022037"
"252","Trim35","ENSMUSG00000022043"
"253","Bnip3l","ENSMUSG00000022051"
"254","Dmtn","ENSMUSG00000022099"
"255","Rb1","ENSMUSG00000022105"
"256","Ednrb","ENSMUSG00000022122"
"257","Fyb","ENSMUSG00000022148"
"258","Gzme","ENSMUSG00000022156"
"259","Mcpt8","ENSMUSG00000022157"
"260","Acin1","ENSMUSG00000022185"
"261","Golph3","ENSMUSG00000022200"
"262","Psme1","ENSMUSG00000022216"
"263","Ripk3","ENSMUSG00000022221"
"264","Dcstamp","ENSMUSG00000022303"
"265","Angpt1","ENSMUSG00000022309"
"266","Stk3","ENSMUSG00000022329"
"267","Zfat","ENSMUSG00000022335"
"268","Enpp2","ENSMUSG00000022425"
"269","Myh9","ENSMUSG00000022443"
"270","Xrcc6","ENSMUSG00000022471"
"271","Hdac7","ENSMUSG00000022475"
"272","Polr3h","ENSMUSG00000022476"
"273","Nckap1l","ENSMUSG00000022488"
"274","Ciita","ENSMUSG00000022504"
"275","Emp2","ENSMUSG00000022505"
"276","Bcl6","ENSMUSG00000022508"
"277","Il1rap","ENSMUSG00000022514"
"278","Hes1","ENSMUSG00000022528"
"279","Mefv","ENSMUSG00000022534"
"280","Rogdi","ENSMUSG00000022540"
"281","Ptk2","ENSMUSG00000022607"
"282","Cblb","ENSMUSG00000022637"
"283","Prkdc","ENSMUSG00000022672"
"284","Dlg1","ENSMUSG00000022770"
"285","Tnk2","ENSMUSG00000022791"
"286","Tfrc","ENSMUSG00000022797"
"287","Hcls1","ENSMUSG00000022831"
"288","Cxadr","ENSMUSG00000022865"
"289","Masp1","ENSMUSG00000022887"
"290","Cd86","ENSMUSG00000022901"
"291","Runx1","ENSMUSG00000022952"
"292","Ifnar1","ENSMUSG00000022967"
"293","Ifnar2","ENSMUSG00000022971"
"294","Sod1","ENSMUSG00000022982"
"295","Wnt10b","ENSMUSG00000022996"
"296","Slc11a2","ENSMUSG00000023030"
"297","Cxcl13","ENSMUSG00000023078"
"298","H2-M10.2","ENSMUSG00000023083"
"299","Serping1","ENSMUSG00000023224"
"300","Ccl25","ENSMUSG00000023235"
"301","Slc26a6","ENSMUSG00000023259"
"302","Cd4","ENSMUSG00000023274"
"303","Mx2","ENSMUSG00000023341"
"304","Clec4n","ENSMUSG00000023349"
"305","Tnfrsf21","ENSMUSG00000023915"
"306","Satb1","ENSMUSG00000023927"
"307","Vegfa","ENSMUSG00000023951"
"308","Tfeb","ENSMUSG00000023990"
"309","Trem2","ENSMUSG00000023992"
"310","Glo1","ENSMUSG00000024026"
"311","Eif2ak2","ENSMUSG00000024079"
"312","Twsg1","ENSMUSG00000024098"
"313","Wash1","ENSMUSG00000024101"
"314","Epas1","ENSMUSG00000024140"
"315","Msh2","ENSMUSG00000024151"
"316","C3","ENSMUSG00000024164"
"317","Map3k8","ENSMUSG00000024235"
"318","Sos1","ENSMUSG00000024241"
"319","Rock1","ENSMUSG00000024290"
"320","Myo1f","ENSMUSG00000024300"
"321","Tapbp","ENSMUSG00000024308"
"322","H2-Oa","ENSMUSG00000024334"
"323","Psmb8","ENSMUSG00000024338"
"324","Tap2","ENSMUSG00000024339"
"325","Tmem173","ENSMUSG00000024349"
"326","C2","ENSMUSG00000024371"
"327","Bag6","ENSMUSG00000024392"
"328","Aif1","ENSMUSG00000024397"
"329","Tnf","ENSMUSG00000024401"
"330","H2-M10.1","ENSMUSG00000024448"
"331","Trim26","ENSMUSG00000024457"
"332","H2-M5","ENSMUSG00000024459"
"333","Pmaip1","ENSMUSG00000024521"
"334","Ptpn2","ENSMUSG00000024539"
"335","Fech","ENSMUSG00000024588"
"336","Rps14","ENSMUSG00000024608"
"337","Cd74","ENSMUSG00000024610"
"338","Csf1r","ENSMUSG00000024621"
"339","Anxa1","ENSMUSG00000024659"
"340","Fth1","ENSMUSG00000024661"
"341","Otub1","ENSMUSG00000024767"
"342","Fas","ENSMUSG00000024778"
"343","Jak2","ENSMUSG00000024789"
"344","Il33","ENSMUSG00000024810"
"345","Lrp5","ENSMUSG00000024913"
"346","Rela","ENSMUSG00000024927"
"347","Men1","ENSMUSG00000024947"
"348","Map4k2","ENSMUSG00000024948"
"349","Gpam","ENSMUSG00000024978"
"350","Hhex","ENSMUSG00000024986"
"351","Prdx3","ENSMUSG00000024997"
"352","Hells","ENSMUSG00000025001"
"353","Pik3ap1","ENSMUSG00000025017"
"354","Trim8","ENSMUSG00000025034"
"355","Tollip","ENSMUSG00000025139"
"356","Chuk","ENSMUSG00000025199"
"357","Ldb1","ENSMUSG00000025223"
"358","Gbf1","ENSMUSG00000025224"
"359","Nfkb2","ENSMUSG00000025225"
"360","Polr3a","ENSMUSG00000025280"
"361","Rps24","ENSMUSG00000025290"
"362","Sbds","ENSMUSG00000025337"
"363","Il23a","ENSMUSG00000025383"
"364","Adam8","ENSMUSG00000025473"
"365","Ifitm1","ENSMUSG00000025491"
"366","Ifitm3","ENSMUSG00000025492"
"367","Irf7","ENSMUSG00000025498"
"368","Chid1","ENSMUSG00000025512"
"369","Crcp","ENSMUSG00000025532"
"370","Tnrc6c","ENSMUSG00000025571"
"371","Podxl","ENSMUSG00000025608"
"372","Hprt","ENSMUSG00000025630"
"373","42071","ENSMUSG00000025702"
"374","Il6","ENSMUSG00000025746"
"375","Ly96","ENSMUSG00000025779"
"376","Ccr1","ENSMUSG00000025804"
"377","Itgb1","ENSMUSG00000025809"
"378","Dhtkd1","ENSMUSG00000025815"
"379","Fam20c","ENSMUSG00000025854"
"380","Cplx2","ENSMUSG00000025867"
"381","Snca","ENSMUSG00000025889"
"382","Hspd1","ENSMUSG00000025980"
"383","Slc40a1","ENSMUSG00000025993"
"384","Cd28","ENSMUSG00000026012"
"385","Casp8","ENSMUSG00000026029"
"386","Il18r1","ENSMUSG00000026070"
"387","Stat1","ENSMUSG00000026104"
"388","Nhej1","ENSMUSG00000026162"
"389","Ccl20","ENSMUSG00000026166"
"390","Slc11a1","ENSMUSG00000026177"
"391","Cxcr2","ENSMUSG00000026180"
"392","Xrcc5","ENSMUSG00000026187"
"393","Inpp5d","ENSMUSG00000026288"
"394","Tnfrsf11a","ENSMUSG00000026321"
"395","Cfh","ENSMUSG00000026365"
"396","Ptprc","ENSMUSG00000026395"
"397","Cd55","ENSMUSG00000026399"
"398","C4bp","ENSMUSG00000026405"
"399","Pigr","ENSMUSG00000026417"
"400","Mr1","ENSMUSG00000026471"
"401","Ahctf1","ENSMUSG00000026491"
"402","Spta1","ENSMUSG00000026532"
"403","Ifi202b","ENSMUSG00000026535"
"404","Selp","ENSMUSG00000026580"
"405","Sele","ENSMUSG00000026582"
"406","Abl2","ENSMUSG00000026596"
"407","Eprs","ENSMUSG00000026615"
"408","Batf3","ENSMUSG00000026630"
"409","Dclre1c","ENSMUSG00000026648"
"410","Fcgr2b","ENSMUSG00000026656"
"411","Tnfsf4","ENSMUSG00000026700"
"412","Mrc1","ENSMUSG00000026712"
"413","Rabgap1l","ENSMUSG00000026721"
"414","Pip4k2a","ENSMUSG00000026737"
"415","Bmi1","ENSMUSG00000026739"
"416","Prkcq","ENSMUSG00000026778"
"417","Apbb1ip","ENSMUSG00000026786"
"418","Lcn2","ENSMUSG00000026822"
"419","Abl1","ENSMUSG00000026842"
"420","Kynu","ENSMUSG00000026866"
"421","Dab2ip","ENSMUSG00000026883"
"422","Ifih1","ENSMUSG00000026896"
"423","Notch1","ENSMUSG00000026923"
"424","Card9","ENSMUSG00000026928"
"425","Fcna","ENSMUSG00000026938"
"426","Itga4","ENSMUSG00000027009"
"427","Itgav","ENSMUSG00000027087"
"428","Sp3","ENSMUSG00000027109"
"429","Itga6","ENSMUSG00000027111"
"430","Traf6","ENSMUSG00000027164"
"431","Jag1","ENSMUSG00000027276"
"432","Snap23","ENSMUSG00000027287"
"433","Tyro3","ENSMUSG00000027298"
"434","Rasgrp1","ENSMUSG00000027347"
"435","Bcl2l11","ENSMUSG00000027381"
"436","Zc3h8","ENSMUSG00000027387"
"437","Il1b","ENSMUSG00000027398"
"438","Il1a","ENSMUSG00000027399"
"439","Polr3f","ENSMUSG00000027427"
"440","Rbck1","ENSMUSG00000027466"
"441","Tpd52","ENSMUSG00000027506"
"442","Pag1","ENSMUSG00000027508"
"443","Zbp1","ENSMUSG00000027514"
"444","Nfatc2","ENSMUSG00000027544"
"445","Itch","ENSMUSG00000027598"
"446","Procr","ENSMUSG00000027611"
"447","Sla2","ENSMUSG00000027636"
"448","Samhd1","ENSMUSG00000027639"
"449","Src","ENSMUSG00000027646"
"450","Ctnnbl1","ENSMUSG00000027649"
"451","Skil","ENSMUSG00000027660"
"452","Mecom","ENSMUSG00000027684"
"453","Ptx3","ENSMUSG00000027832"
"454","Wnt2b","ENSMUSG00000027840"
"455","Ptpn22","ENSMUSG00000027843"
"456","Tspan2","ENSMUSG00000027858"
"457","Chrnb2","ENSMUSG00000027950"
"458","Adar","ENSMUSG00000027951"
"459","Lef1","ENSMUSG00000027985"
"460","Tlr2","ENSMUSG00000027995"
"461","Sfrp2","ENSMUSG00000027996"
"462","Pitx2","ENSMUSG00000028023"
"463","Efna4","ENSMUSG00000028040"
"464","Adam15","ENSMUSG00000028041"
"465","Arhgef2","ENSMUSG00000028059"
"466","Sema4a","ENSMUSG00000028064"
"467","Gpatch4","ENSMUSG00000028069"
"468","Cd1d1","ENSMUSG00000028076"
"469","Acp6","ENSMUSG00000028093"
"470","Polr3c","ENSMUSG00000028099"
"471","Nfkb1","ENSMUSG00000028163"
"472","Bcl10","ENSMUSG00000028191"
"473","Col24a1","ENSMUSG00000028197"
"474","Nbn","ENSMUSG00000028224"
"475","Lmo4","ENSMUSG00000028266"
"476","Gbp3","ENSMUSG00000028268"
"477","Gbp2","ENSMUSG00000028270"
"478","Akirin2","ENSMUSG00000028291"
"479","Exosc3","ENSMUSG00000028322"
"480","Tnfsf8","ENSMUSG00000028362"
"481","Ptbp3","ENSMUSG00000028382"
"482","B4galt1","ENSMUSG00000028413"
"483","Stoml2","ENSMUSG00000028455"
"484","Rps6","ENSMUSG00000028495"
"485","Pde4b","ENSMUSG00000028525"
"486","Jak1","ENSMUSG00000028530"
"487","Artn","ENSMUSG00000028539"
"488","Dock7","ENSMUSG00000028556"
"489","Ctps","ENSMUSG00000028633"
"490","Prdx1","ENSMUSG00000028691"
"491","Tal1","ENSMUSG00000028717"
"492","Ddost","ENSMUSG00000028757"
"493","Tinagl1","ENSMUSG00000028776"
"494","Rnf19b","ENSMUSG00000028793"
"495","Csf3r","ENSMUSG00000028859"
"496","Wasf2","ENSMUSG00000028868"
"497","Fgr","ENSMUSG00000028874"
"498","Srsf4","ENSMUSG00000028911"
"499","Kcnab2","ENSMUSG00000028931"
"500","Rpl22","ENSMUSG00000028936"
"501","Masp2","ENSMUSG00000028979"
"502","Kmt2e","ENSMUSG00000029004"
"503","Cd38","ENSMUSG00000029084"
"504","Add1","ENSMUSG00000029106"
"505","Rhoh","ENSMUSG00000029204"
"506","Tec","ENSMUSG00000029217"
"507","Pdgfra","ENSMUSG00000029231"
"508","Rest","ENSMUSG00000029249"
"509","Stap1","ENSMUSG00000029254"
"510","Tgfbr3","ENSMUSG00000029287"
"511","Gbp9","ENSMUSG00000029298"
"512","Spp1","ENSMUSG00000029304"
"513","Cxcl5","ENSMUSG00000029371"
"514","Ppbp","ENSMUSG00000029372"
"515","Pf4","ENSMUSG00000029373"
"516","Cxcl15","ENSMUSG00000029375"
"517","Cxcl3","ENSMUSG00000029379"
"518","Cxcl1","ENSMUSG00000029380"
"519","Cxcl9","ENSMUSG00000029417"
"520","Vps33a","ENSMUSG00000029434"
"521","P2rx7","ENSMUSG00000029468"
"522","Anxa3","ENSMUSG00000029484"
"523","Rab35","ENSMUSG00000029518"
"524","Mad1l1","ENSMUSG00000029554"
"525","Oasl2","ENSMUSG00000029561"
"526","Ung","ENSMUSG00000029591"
"527","Oas1b","ENSMUSG00000029605"
"528","Eif2ak1","ENSMUSG00000029613"
"529","Flt1","ENSMUSG00000029648"
"530","Irf5","ENSMUSG00000029771"
"531","Herc6","ENSMUSG00000029798"
"532","Zc3hav1","ENSMUSG00000029826"
"533","Tcaf2","ENSMUSG00000029851"
"534","Clec5a","ENSMUSG00000029915"
"535","Foxp1","ENSMUSG00000030067"
"536","Ret","ENSMUSG00000030110"
"537","Ptms","ENSMUSG00000030122"
"538","Clec4e","ENSMUSG00000030142"
"539","Klrk1","ENSMUSG00000030149"
"540","Clec1b","ENSMUSG00000030159"
"541","Olr1","ENSMUSG00000030162"
"542","Ptpro","ENSMUSG00000030223"
"543","Abcc9","ENSMUSG00000030249"
"544","Atg7","ENSMUSG00000030314"
"545","Ltbr","ENSMUSG00000030339"
"546","Clec2i","ENSMUSG00000030365"
"547","Ercc2","ENSMUSG00000030400"
"548","Siglecg","ENSMUSG00000030468"
"549","Chrna7","ENSMUSG00000030525"
"550","Crtc3","ENSMUSG00000030527"
"551","Blm","ENSMUSG00000030528"
"552","Cib1","ENSMUSG00000030538"
"553","Ctsc","ENSMUSG00000030560"
"554","Tyrobp","ENSMUSG00000030579"
"555","Sipa1l3","ENSMUSG00000030583"
"556","Ddias","ENSMUSG00000030641"
"557","Rab6a","ENSMUSG00000030704"
"558","Coro1a","ENSMUSG00000030707"
"559","Lat","ENSMUSG00000030742"
"560","Il4ra","ENSMUSG00000030748"
"561","Psma1","ENSMUSG00000030751"
"562","Itgam","ENSMUSG00000030786"
"563","Itgax","ENSMUSG00000030789"
"564","Pycard","ENSMUSG00000030793"
"565","Kat8","ENSMUSG00000030801"
"566","Itgal","ENSMUSG00000030830"
"567","Polr3e","ENSMUSG00000030880"
"568","Swap70","ENSMUSG00000031015"
"569","Fadd","ENSMUSG00000031077"
"570","Elf4","ENSMUSG00000031103"
"571","3830403N18Rik","ENSMUSG00000031125"
"572","Was","ENSMUSG00000031165"
"573","Ebp","ENSMUSG00000031168"
"574","Igbp1","ENSMUSG00000031221"
"575","Btk","ENSMUSG00000031264"
"576","Rps6ka3","ENSMUSG00000031309"
"577","Pir","ENSMUSG00000031379"
"578","Irak1","ENSMUSG00000031392"
"579","G6pdx","ENSMUSG00000031400"
"580","Cul4a","ENSMUSG00000031446"
"581","Gas6","ENSMUSG00000031451"
"582","Angpt2","ENSMUSG00000031465"
"583","Agpat5","ENSMUSG00000031467"
"584","Thsd1","ENSMUSG00000031480"
"585","Tnfsf13b","ENSMUSG00000031497"
"586","Arhgef7","ENSMUSG00000031511"
"587","Polb","ENSMUSG00000031536"
"588","Ikbkb","ENSMUSG00000031537"
"589","Kat6a","ENSMUSG00000031540"
"590","Ank1","ENSMUSG00000031543"
"591","Sfrp1","ENSMUSG00000031548"
"592","Adam9","ENSMUSG00000031555"
"593","Slc7a2","ENSMUSG00000031596"
"594","Casp3","ENSMUSG00000031628"
"595","Tlr3","ENSMUSG00000031639"
"596","Rfx1","ENSMUSG00000031706"
"597","Il15","ENSMUSG00000031712"
"598","Hp","ENSMUSG00000031722"
"599","Il34","ENSMUSG00000031750"
"600","Cx3cl1","ENSMUSG00000031778"
"601","Ccl22","ENSMUSG00000031779"
"602","Ciapin1","ENSMUSG00000031781"
"603","Ifi30","ENSMUSG00000031838"
"604","Cbfb","ENSMUSG00000031885"
"605","Psmb10","ENSMUSG00000031897"
"606","Nfatc3","ENSMUSG00000031902"
"607","Smpd3","ENSMUSG00000031906"
"608","Bcar1","ENSMUSG00000031955"
"609","Jam3","ENSMUSG00000031990"
"610","Thy1","ENSMUSG00000032011"
"611","Ets1","ENSMUSG00000032035"
"612","Kirrel3","ENSMUSG00000032036"
"613","Tirap","ENSMUSG00000032041"
"614","Cadm1","ENSMUSG00000032076"
"615","Nlrx1","ENSMUSG00000032109"
"616","Slc37a4","ENSMUSG00000032114"
"617","Tyk2","ENSMUSG00000032175"
"618","Smarca4","ENSMUSG00000032187"
"619","Rab27a","ENSMUSG00000032202"
"620","Nedd4","ENSMUSG00000032216"
"621","Ccnb2","ENSMUSG00000032218"
"622","Myo1e","ENSMUSG00000032220"
"623","Anxa2","ENSMUSG00000032231"
"624","Rora","ENSMUSG00000032238"
"625","Irak1bp1","ENSMUSG00000032251"
"626","Ireb2","ENSMUSG00000032293"
"627","Csk","ENSMUSG00000032312"
"628","Mb21d1","ENSMUSG00000032344"
"629","Tinag","ENSMUSG00000032357"
"630","Ctsh","ENSMUSG00000032359"
"631","Plscr1","ENSMUSG00000032369"
"632","Smad3","ENSMUSG00000032402"
"633","Syncrip","ENSMUSG00000032423"
"634","Cmtm7","ENSMUSG00000032436"
"635","Tgfbr2","ENSMUSG00000032440"
"636","Nck1","ENSMUSG00000032475"
"637","Ltf","ENSMUSG00000032496"
"638","Mlh1","ENSMUSG00000032498"
"639","Myd88","ENSMUSG00000032508"
"640","Slc25a38","ENSMUSG00000032519"
"641","Trf","ENSMUSG00000032554"
"642","Mapkapk3","ENSMUSG00000032577"
"643","Mst1r","ENSMUSG00000032584"
"644","Oas1d","ENSMUSG00000032623"
"645","Flcn","ENSMUSG00000032633"
"646","Oas3","ENSMUSG00000032661"
"647","Malt1","ENSMUSG00000032688"
"648","Oas2","ENSMUSG00000032690"
"649","Nlrp3","ENSMUSG00000032691"
"650","Lmo2","ENSMUSG00000032698"
"651","Sbspon","ENSMUSG00000032719"
"652","Inppl1","ENSMUSG00000032737"
"653","Gab3","ENSMUSG00000032750"
"654","Styk1","ENSMUSG00000032899"
"655","Fkbp1a","ENSMUSG00000032966"
"656","Slc7a6os","ENSMUSG00000033106"
"657","Rnf125","ENSMUSG00000033107"
"658","Atg9a","ENSMUSG00000033124"
"659","Podxl2","ENSMUSG00000033152"
"660","Mif","ENSMUSG00000033307"
"661","Zbtb1","ENSMUSG00000033454"
"662","Arhgef5","ENSMUSG00000033542"
"663","Vav3","ENSMUSG00000033721"
"664","Tlr13","ENSMUSG00000033777"
"665","Atp7a","ENSMUSG00000033792"
"666","Tcea1","ENSMUSG00000033813"
"667","Lyl1","ENSMUSG00000034041"
"668","Farp2","ENSMUSG00000034066"
"669","Vav1","ENSMUSG00000034116"
"670","Ccnd3","ENSMUSG00000034165"
"671","Polq","ENSMUSG00000034206"
"672","Atm","ENSMUSG00000034218"
"673","Exosc4","ENSMUSG00000034259"
"674","Batf","ENSMUSG00000034266"
"675","Thoc5","ENSMUSG00000034274"
"676","Trim59","ENSMUSG00000034317"
"677","Plcg2","ENSMUSG00000034330"
"678","Lif","ENSMUSG00000034394"
"679","Gbp8","ENSMUSG00000034438"
"680","Polr3b","ENSMUSG00000034453"
"681","Ifit1","ENSMUSG00000034459"
"682","Six4","ENSMUSG00000034460"
"683","Tiparp","ENSMUSG00000034640"
"684","Cd300ld","ENSMUSG00000034641"
"685","Cd300a","ENSMUSG00000034652"
"686","Sos2","ENSMUSG00000034801"
"687","Cxcl10","ENSMUSG00000034855"
"688","Cactin","ENSMUSG00000034889"
"689","Pygo1","ENSMUSG00000034910"
"690","Zfr2","ENSMUSG00000034949"
"691","Cebpa","ENSMUSG00000034957"
"692","Dapk3","ENSMUSG00000034974"
"693","Hrh2","ENSMUSG00000034987"
"694","Eef2","ENSMUSG00000034994"
"695","Dpp4","ENSMUSG00000035000"
"696","Ccl5","ENSMUSG00000035042"
"697","Becn1","ENSMUSG00000035086"
"698","Wdr78","ENSMUSG00000035126"
"699","Mitf","ENSMUSG00000035158"
"700","Ubd","ENSMUSG00000035186"
"701","Trim13","ENSMUSG00000035235"
"702","Hectd1","ENSMUSG00000035247"
"703","Ssc5d","ENSMUSG00000035279"
"704","Wdr38","ENSMUSG00000035295"
"705","Ccl12","ENSMUSG00000035352"
"706","Ccl7","ENSMUSG00000035373"
"707","Ccl2","ENSMUSG00000035385"
"708","Sbno2","ENSMUSG00000035673"
"709","Tnfsf9","ENSMUSG00000035678"
"710","Melk","ENSMUSG00000035683"
"711","Isg15","ENSMUSG00000035692"
"712","Prkx","ENSMUSG00000035725"
"713","Polr3g","ENSMUSG00000035834"
"714","Cd276","ENSMUSG00000035914"
"715","Ptprq","ENSMUSG00000035916"
"716","H2-Q4","ENSMUSG00000035929"
"717","Fnip1","ENSMUSG00000035992"
"718","Colec12","ENSMUSG00000036103"
"719","Gpi1","ENSMUSG00000036427"
"720","42064","ENSMUSG00000036469"
"721","Card11","ENSMUSG00000036526"
"722","Fut7","ENSMUSG00000036587"
"723","H2-Aa","ENSMUSG00000036594"
"724","Anln","ENSMUSG00000036777"
"725","Wnt4","ENSMUSG00000036856"
"726","Smad6","ENSMUSG00000036867"
"727","C1qa","ENSMUSG00000036887"
"728","C1qc","ENSMUSG00000036896"
"729","Fzd8","ENSMUSG00000036904"
"730","C1qb","ENSMUSG00000036905"
"731","Unc93b1","ENSMUSG00000036908"
"732","Ttc7","ENSMUSG00000036918"
"733","Kdm1a","ENSMUSG00000036940"
"734","Rab8b","ENSMUSG00000036943"
"735","Pml","ENSMUSG00000036986"
"736","Pax1","ENSMUSG00000037034"
"737","H2-M10.6","ENSMUSG00000037130"
"738","H2-M10.5","ENSMUSG00000037246"
"739","Tacc3","ENSMUSG00000037313"
"740","Tap1","ENSMUSG00000037321"
"741","Enpp1","ENSMUSG00000037370"
"742","Spon2","ENSMUSG00000037379"
"743","Icam1","ENSMUSG00000037405"
"744","Vnn1","ENSMUSG00000037440"
"745","Mavs","ENSMUSG00000037523"
"746","H2-M11","ENSMUSG00000037537"
"747","H2-DMb2","ENSMUSG00000037548"
"748","Gch1","ENSMUSG00000037580"
"749","H2-DMa","ENSMUSG00000037649"
"750","Cdkn1c","ENSMUSG00000037664"
"751","Rtkn2","ENSMUSG00000037846"
"752","Aim2","ENSMUSG00000037860"
"753","Rcor1","ENSMUSG00000037896"
"754","Sirpa","ENSMUSG00000037902"
"755","Ddx60","ENSMUSG00000037921"
"756","Bank1","ENSMUSG00000037922"
"757","Ccr7","ENSMUSG00000037944"
"758","Nod1","ENSMUSG00000038058"
"759","Camk4","ENSMUSG00000038128"
"760","Atg5","ENSMUSG00000038160"
"761","Hand2","ENSMUSG00000038193"
"762","Tapbpl","ENSMUSG00000038213"
"763","Hoxa9","ENSMUSG00000038227"
"764","Trpm4","ENSMUSG00000038260"
"765","Ostm1","ENSMUSG00000038280"
"766","Snx10","ENSMUSG00000038301"
"767","Serpinb9f","ENSMUSG00000038327"
"768","Rras","ENSMUSG00000038387"
"769","Egr1","ENSMUSG00000038418"
"770","Otud7b","ENSMUSG00000038495"
"771","Jarid2","ENSMUSG00000038518"
"772","C1s1","ENSMUSG00000038521"
"773","C1rl","ENSMUSG00000038527"
"774","Pcid2","ENSMUSG00000038542"
"775","Nfe2l1","ENSMUSG00000038615"
"776","Polr3k","ENSMUSG00000038628"
"777","Ctss","ENSMUSG00000038642"
"778","Hoxb4","ENSMUSG00000038692"
"779","Hoxb7","ENSMUSG00000038721"
"780","Gcnt1","ENSMUSG00000038843"
"781","Itpkb","ENSMUSG00000038855"
"782","Plcl2","ENSMUSG00000038910"
"783","Bmp6","ENSMUSG00000039004"
"784","Tlr4","ENSMUSG00000039005"
"785","Adrm1","ENSMUSG00000039041"
"786","L3mbtl3","ENSMUSG00000039089"
"787","Itga9","ENSMUSG00000039115"
"788","Ifi44l","ENSMUSG00000039146"
"789","Runx2","ENSMUSG00000039153"
"790","Rbpj","ENSMUSG00000039191"
"791","Nlrc4","ENSMUSG00000039193"
"792","Il18","ENSMUSG00000039217"
"793","Stx11","ENSMUSG00000039232"
"794","Isg20","ENSMUSG00000039236"
"795","Tgfb2","ENSMUSG00000039239"
"796","Azi2","ENSMUSG00000039285"
"797","Tnfsf10","ENSMUSG00000039304"
"798","Rftn1","ENSMUSG00000039316"
"799","Picalm","ENSMUSG00000039361"
"800","Foxp3","ENSMUSG00000039521"
"801","Prex1","ENSMUSG00000039621"
"802","Batf2","ENSMUSG00000039699"
"803","Exo1","ENSMUSG00000039748"
"804","Trim14","ENSMUSG00000039853"
"805","Cited2","ENSMUSG00000039910"
"806","Pik3cd","ENSMUSG00000039936"
"807","Ptger4","ENSMUSG00000039942"
"808","Prrc2c","ENSMUSG00000040225"
"809","Gbp7","ENSMUSG00000040253"
"810","Gbp2b","ENSMUSG00000040264"
"811","Plekha1","ENSMUSG00000040268"
"812","Cdk6","ENSMUSG00000040274"
"813","Gzmg","ENSMUSG00000040284"
"814","Ddx58","ENSMUSG00000040296"
"815","Vprbp","ENSMUSG00000040325"
"816","Il7","ENSMUSG00000040329"
"817","Rc3h1","ENSMUSG00000040423"
"818","Spns2","ENSMUSG00000040447"
"819","Tlr8","ENSMUSG00000040522"
"820","Milr1","ENSMUSG00000040528"
"821","Wdr7","ENSMUSG00000040560"
"822","Cd79b","ENSMUSG00000040592"
"823","Clcf1","ENSMUSG00000040663"
"824","Lat2","ENSMUSG00000040751"
"825","Chil3","ENSMUSG00000040809"
"826","Tet2","ENSMUSG00000040943"
"827","Rps19","ENSMUSG00000040952"
"828","Mill2","ENSMUSG00000040987"
"829","Trim62","ENSMUSG00000041000"
"830","Wwp1","ENSMUSG00000041058"
"831","Fzd7","ENSMUSG00000041075"
"832","Ripk2","ENSMUSG00000041135"
"833","Brca2","ENSMUSG00000041147"
"834","Prkd2","ENSMUSG00000041187"
"835","Chd7","ENSMUSG00000041235"
"836","Lamp3","ENSMUSG00000041247"
"837","Cdk13","ENSMUSG00000041297"
"838","Inhba","ENSMUSG00000041324"
"839","Dicer1","ENSMUSG00000041415"
"840","Pik3r1","ENSMUSG00000041417"
"841","Mfsd6","ENSMUSG00000041439"
"842","Irf8","ENSMUSG00000041515"
"843","Cd1d2","ENSMUSG00000041750"
"844","Oasl1","ENSMUSG00000041827"
"845","Papd4","ENSMUSG00000042167"
"846","Lyn","ENSMUSG00000042228"
"847","Itga1","ENSMUSG00000042284"
"848","Sin3a","ENSMUSG00000042557"
"849","Sh2b3","ENSMUSG00000042594"
"850","Selk","ENSMUSG00000042682"
"851","Klhl6","ENSMUSG00000043008"
"852","Arl11","ENSMUSG00000043157"
"853","Zfp784","ENSMUSG00000043290"
"854","Tril","ENSMUSG00000043496"
"855","Ptpn11","ENSMUSG00000043733"
"856","Tnip3","ENSMUSG00000044162"
"857","Il20rb","ENSMUSG00000044244"
"858","Tlr7","ENSMUSG00000044583"
"859","Il27","ENSMUSG00000044701"
"860","AF251705","ENSMUSG00000044811"
"861","Shb","ENSMUSG00000044813"
"862","Tlr1","ENSMUSG00000044827"
"863","Fzd5","ENSMUSG00000045005"
"864","Prkce","ENSMUSG00000045038"
"865","Tlr9","ENSMUSG00000045322"
"866","Cxcr4","ENSMUSG00000045382"
"867","Hcar2","ENSMUSG00000045502"
"868","Zfp36l2","ENSMUSG00000045817"
"869","Serpinb9","ENSMUSG00000045827"
"870","Gapt","ENSMUSG00000046006"
"871","Otulin","ENSMUSG00000046034"
"872","4930430F08Rik","ENSMUSG00000046567"
"873","Bst2","ENSMUSG00000046718"
"874","Slc39a3","ENSMUSG00000046822"
"875","Rnf31","ENSMUSG00000047098"
"876","Ticam1","ENSMUSG00000047123"
"877","Cd24a","ENSMUSG00000047139"
"878","Samd9l","ENSMUSG00000047735"
"879","Cd300lf","ENSMUSG00000047798"
"880","Cxcr5","ENSMUSG00000047880"
"881","Rbm15","ENSMUSG00000048109"
"882","Arid4a","ENSMUSG00000048118"
"883","Selplg","ENSMUSG00000048163"
"884","H2-M10.4","ENSMUSG00000048231"
"885","Bcl11b","ENSMUSG00000048251"
"886","Mlf1","ENSMUSG00000048416"
"887","Cd300e","ENSMUSG00000048498"
"888","Amica1","ENSMUSG00000048534"
"889","Hoxb3","ENSMUSG00000048763"
"890","Ifnb1","ENSMUSG00000048806"
"891","Dact2","ENSMUSG00000048826"
"892","Il23r","ENSMUSG00000049093"
"893","Ccr2","ENSMUSG00000049103"
"894","C5ar1","ENSMUSG00000049130"
"895","Zfpm1","ENSMUSG00000049577"
"896","Orai1","ENSMUSG00000049686"
"897","Nkx3-2","ENSMUSG00000049691"
"898","Nlrp10","ENSMUSG00000049709"
"899","Lig4","ENSMUSG00000049717"
"900","Nlrc3","ENSMUSG00000049871"
"901","Lgr4","ENSMUSG00000050199"
"902","Lgals3","ENSMUSG00000050335"
"903","Rltpr","ENSMUSG00000050357"
"904","Il31ra","ENSMUSG00000050377"
"905","Tnfsf15","ENSMUSG00000050395"
"906","Scg2","ENSMUSG00000050711"
"907","Prkca","ENSMUSG00000050965"
"908","Plcb1","ENSMUSG00000051177"
"909","Gpr183","ENSMUSG00000051212"
"910","Jagn1","ENSMUSG00000051256"
"911","Six1","ENSMUSG00000051367"
"912","Vamp7","ENSMUSG00000051412"
"913","Cd14","ENSMUSG00000051439"
"914","Spn","ENSMUSG00000051457"
"915","Tlr6","ENSMUSG00000051498"
"916","Trim32","ENSMUSG00000051675"
"917","Sox6","ENSMUSG00000051910"
"918","Tlr11","ENSMUSG00000051969"
"919","Dock8","ENSMUSG00000052085"
"920","Pld4","ENSMUSG00000052160"
"921","Cx3cr1","ENSMUSG00000052336"
"922","Nrros","ENSMUSG00000052384"
"923","Pbx1","ENSMUSG00000052534"
"924","Adam17","ENSMUSG00000052593"
"925","Sh2d6","ENSMUSG00000052631"
"926","Jun","ENSMUSG00000052684"
"927","Oas1a","ENSMUSG00000052776"
"928","Junb","ENSMUSG00000052837"
"929","Prkcb","ENSMUSG00000052889"
"930","Hrh1","ENSMUSG00000053004"
"931","Fes","ENSMUSG00000053158"
"932","Bcl3","ENSMUSG00000053175"
"933","Raet1e","ENSMUSG00000053219"
"934","Mapk14","ENSMUSG00000053436"
"935","Sh3pxd2a","ENSMUSG00000053617"
"936","Oas1f","ENSMUSG00000053765"
"937","Krt16","ENSMUSG00000053797"
"938","Exoc6","ENSMUSG00000053799"
"939","H2-T24","ENSMUSG00000053835"
"940","Txlna","ENSMUSG00000053841"
"941","Cd8a","ENSMUSG00000053977"
"942","Iigp1","ENSMUSG00000054072"
"943","H2-T3","ENSMUSG00000054128"
"944","Gon4l","ENSMUSG00000054199"
"945","Kcnn4","ENSMUSG00000054342"
"946","Pnma1","ENSMUSG00000054383"
"947","Cklf","ENSMUSG00000054400"
"948","Atpif1","ENSMUSG00000054428"
"949","Adam10","ENSMUSG00000054693"
"950","Klf2","ENSMUSG00000055148"
"951","C1ra","ENSMUSG00000055172"
"952","Ankrd17","ENSMUSG00000055204"
"953","Cd47","ENSMUSG00000055447"
"954","Gpc3","ENSMUSG00000055653"
"955","Nod2","ENSMUSG00000055994"
"956","S100a8","ENSMUSG00000056054"
"957","S100a9","ENSMUSG00000056071"
"958","H2-T22","ENSMUSG00000056116"
"959","Ticam2","ENSMUSG00000056130"
"960","Pgm3","ENSMUSG00000056131"
"961","Cebpg","ENSMUSG00000056216"
"962","Cd248","ENSMUSG00000056481"
"963","Cebpb","ENSMUSG00000056501"
"964","Nbeal2","ENSMUSG00000056724"
"965","Nfil3","ENSMUSG00000056749"
"966","Jmjd6","ENSMUSG00000056962"
"967","Trim12c","ENSMUSG00000057143"
"968","Bcl2","ENSMUSG00000057329"
"969","Chst3","ENSMUSG00000057337"
"970","Lgals8","ENSMUSG00000057554"
"971","Pkn1","ENSMUSG00000057672"
"972","Bak1","ENSMUSG00000057789"
"973","Unc13d","ENSMUSG00000057948"
"974","Eml1","ENSMUSG00000058070"
"975","Nfam1","ENSMUSG00000058099"
"976","H2-M10.3","ENSMUSG00000058124"
"977","Gm13242","ENSMUSG00000058186"
"978","Dock1","ENSMUSG00000058325"
"979","Cxcl2","ENSMUSG00000058427"
"980","Tmod3","ENSMUSG00000058587"
"981","Fcer1g","ENSMUSG00000058715"
"982","Osm","ENSMUSG00000058755"
"983","Thra","ENSMUSG00000058756"
"984","Pirb","ENSMUSG00000058818"
"985","Abi1","ENSMUSG00000058835"
"986","Gzmd","ENSMUSG00000059256"
"987","Eda","ENSMUSG00000059327"
"988","Ptk2b","ENSMUSG00000059456"
"989","Fcgr3","ENSMUSG00000059498"
"990","Trp53","ENSMUSG00000059552"
"991","Tnip2","ENSMUSG00000059866"
"992","Irak4","ENSMUSG00000059883"
"993","Cxcl11","ENSMUSG00000060183"
"994","Sp7","ENSMUSG00000060284"
"995","Trim5","ENSMUSG00000060441"
"996","Irak2","ENSMUSG00000060477"
"997","H2-Q7","ENSMUSG00000060550"
"998","Mfap2","ENSMUSG00000060572"
"999","H2-Eb1","ENSMUSG00000060586"
"1000","Ifitm2","ENSMUSG00000060591"
"1001","B2m","ENSMUSG00000060802"
"1002","Rrs1","ENSMUSG00000061024"
"1003","Blnk","ENSMUSG00000061132"
"1004","H2-K1","ENSMUSG00000061232"
"1005","Exosc5","ENSMUSG00000061286"
"1006","Cxcl12","ENSMUSG00000061353"
"1007","Cracr2a","ENSMUSG00000061414"
"1008","Tmem91","ENSMUSG00000061702"
"1009","Rps17","ENSMUSG00000061787"
"1010","Ssbp3","ENSMUSG00000061887"
"1011","Hsh2d","ENSMUSG00000062007"
"1012","Lilrb4","ENSMUSG00000062593"
"1013","Hist1h2bk","ENSMUSG00000062727"
"1014","Impdh2","ENSMUSG00000062867"
"1015","Atp11c","ENSMUSG00000062949"
"1016","Kdr","ENSMUSG00000062960"
"1017","Cd300lb","ENSMUSG00000063193"
"1018","Zfp35","ENSMUSG00000063281"
"1019","Mapk1","ENSMUSG00000063358"
"1020","Ifna13","ENSMUSG00000063376"
"1021","Cyp26b1","ENSMUSG00000063415"
"1022","Chil4","ENSMUSG00000063779"
"1023","Ccr1l1","ENSMUSG00000064039"
"1024","Arih2","ENSMUSG00000064145"
"1025","Ano6","ENSMUSG00000064210"
"1026","Chil1","ENSMUSG00000064246"
"1027","Siva1","ENSMUSG00000064326"
"1028","Lsm14a","ENSMUSG00000066568"
"1029","Mfsd7b","ENSMUSG00000066595"
"1030","Pilrb1","ENSMUSG00000066684"
"1031","Zbtb16","ENSMUSG00000066687"
"1032","Tnfsf18","ENSMUSG00000066755"
"1033","Rnasel","ENSMUSG00000066800"
"1034","Oas1g","ENSMUSG00000066861"
"1035","Oas1e","ENSMUSG00000066867"
"1036","Nck2","ENSMUSG00000066877"
"1037","H2-T23","ENSMUSG00000067212"
"1038","H2-Q10","ENSMUSG00000067235"
"1039","2010002M12Rik","ENSMUSG00000067297"
"1040","H2-Eb2","ENSMUSG00000067341"
"1041","Lgals1","ENSMUSG00000068220"
"1042","Ptprz1","ENSMUSG00000068748"
"1043","Hist2h2be","ENSMUSG00000068854"
"1044","Cd300lh","ENSMUSG00000069607"
"1045","Irgm2","ENSMUSG00000069874"
"1046","Itgad","ENSMUSG00000070369"
"1047","Il18bp","ENSMUSG00000070427"
"1048","Runx3","ENSMUSG00000070691"
"1049","Rbm47","ENSMUSG00000070780"
"1050","6330408A02Rik","ENSMUSG00000070814"
"1051","Ifna4","ENSMUSG00000070904"
"1052","Gm13288","ENSMUSG00000070908"
"1053","Il1rl2","ENSMUSG00000070942"
"1054","Map3k5","ENSMUSG00000071369"
"1055","Spef2","ENSMUSG00000072663"
"1056","Gm8909","ENSMUSG00000073402"
"1057","H2-Bl","ENSMUSG00000073406"
"1058","H2-Q6","ENSMUSG00000073409"
"1059","H2-D1","ENSMUSG00000073411"
"1060","Lst1","ENSMUSG00000073412"
"1061","C4b","ENSMUSG00000073418"
"1062","H2-Ab1","ENSMUSG00000073421"
"1063","4933415F23Rik","ENSMUSG00000073730"
"1064","Cdkn2b","ENSMUSG00000073802"
"1065","Ifna12","ENSMUSG00000073811"
"1066","Gm13306","ENSMUSG00000073877"
"1067","Ccl27a","ENSMUSG00000073888"
"1068","Il11ra1","ENSMUSG00000073889"
"1069","Rpl13a","ENSMUSG00000074129"
"1070","Nlrc5","ENSMUSG00000074151"
"1071","Ceacam1","ENSMUSG00000074272"
"1072","Mafb","ENSMUSG00000074622"
"1073","Ccl28","ENSMUSG00000074715"
"1074","Ube2n","ENSMUSG00000074781"
"1075","Ifit3","ENSMUSG00000074896"
"1076","Cd80","ENSMUSG00000075122"
"1077","H60b","ENSMUSG00000075297"
"1078","Rc3h2","ENSMUSG00000075376"
"1079","Txnrd2","ENSMUSG00000075704"
"1080","Msrb1","ENSMUSG00000075705"
"1081","Sox4","ENSMUSG00000076431"
"1082","Ighm","ENSMUSG00000076617"
"1083","Ifna2","ENSMUSG00000078354"
"1084","Ifna16","ENSMUSG00000078355"
"1085","Raet1d","ENSMUSG00000078452"
"1086","Bnip3","ENSMUSG00000078566"
"1087","Chd2","ENSMUSG00000078671"
"1088","Tgtp2","ENSMUSG00000078921"
"1089","Tgtp1","ENSMUSG00000078922"
"1090","Naip6","ENSMUSG00000078942"
"1091","Naip2","ENSMUSG00000078945"
"1092","Pms2","ENSMUSG00000079109"
"1093","Tlr5","ENSMUSG00000079164"
"1094","Gzmc","ENSMUSG00000079186"
"1095","Ccr5","ENSMUSG00000079227"
"1096","Clec7a","ENSMUSG00000079293"
"1097","C1s2","ENSMUSG00000079343"
"1098","Gbp6","ENSMUSG00000079362"
"1099","Gbp4","ENSMUSG00000079363"
"1100","H2-T10","ENSMUSG00000079491"
"1101","Gm11127","ENSMUSG00000079492"
"1102","H2-Q1","ENSMUSG00000079507"
"1103","H2-DMb1","ENSMUSG00000079547"
"1104","Hoxa3","ENSMUSG00000079560"
"1105","Maea","ENSMUSG00000079562"
"1106","Rpl39","ENSMUSG00000079641"
"1107","Ulbp1","ENSMUSG00000079685"
"1108","Tnfsf13","ENSMUSG00000089669"
"1109","Flt3l","ENSMUSG00000089989"
"1110","Gimap1","ENSMUSG00000090019"
"1111","Rnf8","ENSMUSG00000090083"
"1112","Cfb","ENSMUSG00000090231"
"1113","H2-Q2","ENSMUSG00000091705"
"1114","Gm7030","ENSMUSG00000092243"
"1115","0","ENSMUSG00000093828"
"1116","Gm13290","ENSMUSG00000094271"
"1117","Gm13271","ENSMUSG00000094618"
"1118","Gm13287","ENSMUSG00000094648"
"1119","Gm13285","ENSMUSG00000095101"
"1120","Ccl27a","ENSMUSG00000095247"
"1121","Ifna9","ENSMUSG00000095270"
"1122","Ifna1","ENSMUSG00000095498"
"1123","Ifna14","ENSMUSG00000095896"
"1124","Ifna15","ENSMUSG00000096011"
"1125","Gm13289","ENSMUSG00000096582"
"1126","Gm13272","ENSMUSG00000096591"
"1127","Ifna5","ENSMUSG00000096682"
"1128","Psmb9","ENSMUSG00000096727"
"1129","Ccl27b","ENSMUSG00000096826"
"1130","Ifnz","ENSMUSG00000096854"
"1131","Tnfsf12","ENSMUSG00000097328"
"1132","C1rb","ENSMUSG00000098470"
